From:	Schroeder, Sue
Sent:	Friday, February 26, 2016 3:38 PM
To:	Chen, Lawrence
Subject:	Equip. Financing Heat Map

Follow Up Flag:	Follow up
Flag Status:	Flagged

Looks like we just got real emails of decision makers in the Equipment Financing and Leasing space!  I 
have a list of all NEFA members and will forward that later today.  :)

 
Sent from my iPhone
 
Begin forwarded message:
From: Warren Anderson <WAnderson@QualityLeasingCo.com> 
Date: February 25, 2016 at 12:53:04 PM PST 
To: "'kip@360equipmentfinance.com'" <kip@360equipmentfinance.com>, 
"'tomraglow@1acg.com'" <tomraglow@1acg.com>, "'mattwelly@1acg.com'" 
<mattwelly@1acg.com>, "'bpatel@alliancefunds.com'" <bpatel@alliancefunds.com>, 
"'cratay@americancapital1.com'" <cratay@americancapital1.com>, 
"'wratay@americancapital1.com'" <wratay@americancapital1.com>, 
"'kgilliam@arvest.com'" <kgilliam@arvest.com>, "'tersmith@arvest.com'" 
<tersmith@arvest.com>, "'jharders@arvest.com'" <jharders@arvest.com>, 
"'jcrawley@arvest.com'" <jcrawley@arvest.com>, "'barb@acculease.com'" 
<barb@acculease.com>, "'FredFerrara@AccuLease.net'" <FredFerrara@AccuLease.net>, 
"'Ron.mitchell@bancleaseacceptance.com'" 
<Ron.mitchell@bancleaseacceptance.com>, "'Jc.law@scbglobal.net'" 
<Jc.law@scbglobal.net>, "'wford@ffsiusa.com'" <wford@ffsiusa.com>, 
"'tim@forumleasing.com'" <tim@forumleasing.com>, "'jc@forumleasing.com'" 
<jc@forumleasing.com>, "'gmm@fsgcap.com'" <gmm@fsgcap.com>, 
"'mlynn@fsgcap.com'" <mlynn@fsgcap.com>, "'gmg@fsgcap.com'" 
<gmg@fsgcap.com>, "'hhosid@fsgcap.com'" <hhosid@fsgcap.com>, 
"'bwinter@fsgcap.com'" <bwinter@fsgcap.com>, "'greg@gen-cap.com'" <greg@gen-
cap.com>, "'eric@gen-cap.com'" <eric@gen-cap.com>, 
"'csanty@patriotcapitalcorp.com'" <csanty@patriotcapitalcorp.com>, 
"'csanty@patriotcapitalcorp.com'" <csanty@patriotcapitalcorp.com>, 
"'bhall@pinnaclecap.com'" <bhall@pinnaclecap.com>, "'eweedon@pinnaclecap.com'" 
<eweedon@pinnaclecap.com>, "'blitt@pinnaclecap.com'" <blitt@pinnaclecap.com>, 
"'swehner@pinnaclecap.com'" <swehner@pinnaclecap.com>, 
"'amonte@accesscapitalcorp.com'" <amonte@accesscapitalcorp.com>, 
"'wehanson@dimensionfunding.com'" <wehanson@dimensionfunding.com>, 
"'darrylkushner@tcbk.com'" <darrylkushner@tcbk.com>, "'mlockwood@teqlease.com'" 
<mlockwood@teqlease.com>, "'mmiller@elease.com'" <mmiller@elease.com>, 
"'gparker@ltileasing.com'" <gparker@ltileasing.com>, 
"'mevans@dimensionfunding.com'" <mevans@dimensionfunding.com>, 
"'lwagner@dimensionfunding.com'" <lwagner@dimensionfunding.com>, 
"'tom@elease.com'" <tom@elease.com>, "'craigc@paramountfinancial.com'" 
<craigc@paramountfinancial.com>, "'bspratt@oakcapitalfunding.com'" 
<bspratt@oakcapitalfunding.com>, "'ignacio@taeqfin.com'" <ignacio@taeqfin.com>, 
"'lmanitzas@oneworldbusinessfinance.com'" 
<lmanitzas@oneworldbusinessfinance.com>, "'pribeiro@usbfund.com'" 
<pribeiro@usbfund.com>, "'mike@taeqfin.com'" <mike@taeqfin.com>, 
"'greim@lakeunionfinancial.com'" <greim@lakeunionfinancial.com>, 
"'nathan@hrfin.com'" <nathan@hrfin.com>, "'carlton@hrfin.com'" 
<carlton@hrfin.com>, "'arios@numericacapital.com'" <arios@numericacapital.com>, 
"'jsuggs@onesourcefinancial.com'" <jsuggs@onesourcefinancial.com>, 
"'kris@taeqfin.com'" <kris@taeqfin.com>, "'vernon.tirey@leaseq.com'" 
<vernon.tirey@leaseq.com>, "'jims@danjoncap.com'" <jims@danjoncap.com>, 
"'mhammond@rivercapitalfinance.com'" <mhammond@rivercapitalfinance.com>, 
"'learls@ioucentral.com'" <learls@ioucentral.com>, "'gerry.oestreich@gmail.com'" 
<gerry.oestreich@gmail.com>, "'rob.musselman@cgb.com'" 
<rob.musselman@cgb.com>, "'gwagner@unioncreditcorp.com'" 
<gwagner@unioncreditcorp.com>, "'larryl@bankers-capital.com'" <larryl@bankers-
capital.com>, "'dwilliams@banleaco.com'" <dwilliams@banleaco.com>, 
"'dsloan@banleaco.com'" <dsloan@banleaco.com>, "'dselden@banleaco.com'" 
<dselden@banleaco.com>, "'tmcdonough@beaconfunding.com'" 
<tmcdonough@beaconfunding.com>, "'david@bluestreetcapital.com'" 
<david@bluestreetcapital.com>, "'neil@bluestreetcapital.com'" 
<neil@bluestreetcapital.com>, "'lauren@bluestreetcapital.com'" 
<lauren@bluestreetcapital.com>, "'lauren@bluestreetcapital.com'" 
<lauren@bluestreetcapital.com>, "'jason@bluestreetcapital.com'" 
<jason@bluestreetcapital.com>, "'brent@bluestreetcapital.com'" 
<brent@bluestreetcapital.com>, "'bryce@bluestreetcapital.com'" 
<bryce@bluestreetcapital.com>, "'alex@bluestreetcapital.com'" 
<alex@bluestreetcapital.com>, "'sean@bluestreetcapital.com'" 
<sean@bluestreetcapital.com>, "'valeriejester@brandywinecap.com'" 
<valeriejester@brandywinecap.com>, "'dsalome@brandywinecap.com'" 
<dsalome@brandywinecap.com>, "'Kristan@ilslease.com'" <Kristan@ilslease.com>, 
"'neil@ilslease.com'" <neil@ilslease.com>, "'andrew@ilslease.com'" 
<andrew@ilslease.com>, "'jnickell@ioucentral.com'" <jnickell@ioucentral.com>, 
"'tkabot@lease-it.com'" <tkabot@lease-it.com>, "'cffcal@aol.com'" <cffcal@aol.com>, 
"'dan@lynchcapital.com'" <dan@lynchcapital.com>, "'aimee@wheatenfinancial.com'" 
<aimee@wheatenfinancial.com>, "'raj@virsacapital.com'" <raj@virsacapital.com>, 
"'rrunnalls@teqlease.com'" <rrunnalls@teqlease.com>, "'aloum@arvest.com'" 
<aloum@arvest.com>, "'twood@arvest.com'" <twood@arvest.com>, 
"'vnguyen@stradacapital.com'" <vnguyen@stradacapital.com>, 
"'quentin.cote@leaseq.com'" <quentin.cote@leaseq.com>, 
"'donh@regentscapital.com'" <donh@regentscapital.com>, 
"'denniso@regentscapital.com'" <denniso@regentscapital.com>, 
"'derek@nationwideequipmentfinance.com'" 
<derek@nationwideequipmentfinance.com>, "'jarmstrong@beaconfunding.com'" 
<jarmstrong@beaconfunding.com>, "'elmule2585@yahoo.com'" 
<elmule2585@yahoo.com>, "'dennis@bardivani.com'" <dennis@bardivani.com>, 
"'miller-blake@sbcglobal.net'" <miller-blake@sbcglobal.net>, 
"'info@stradacapital.com'" <info@stradacapital.com>, 
"'geoffminsky@pelagiccapitalcorp.com'" <geoffminsky@pelagiccapitalcorp.com>, 
"'gregminsky@pelagiccapitalcorp.com'" <gregminsky@pelagiccapitalcorp.com>, 
"'afromant@dicapcredit.com'" <afromant@dicapcredit.com>, 
"'amccaualand@oakmontfinance.com'" <amccaualand@oakmontfinance.com>, 
"'seidle@oakmontfinance.com'" <seidle@oakmontfinance.com>, "'jpitre@arvest.com'" 
<jpitre@arvest.com>, "'pam@northlandcapital.com'" <pam@northlandcapital.com>, 
"'kari@northlandcapital.com'" <kari@northlandcapital.com>, 
"'eric@northlandcapital.com'" <eric@northlandcapital.com>, 
"'LHernandez@crlease.com'" <LHernandez@crlease.com>, "'dave@oshe.biz'" 
<dave@oshe.biz>, "'jmcgrath@bylinefinancialgroup.com'" 
<jmcgrath@bylinefinancialgroup.com>, "'dkiser@bylinefinancialgroup.com'" 
<dkiser@bylinefinancialgroup.com>, "'sgoddard@bylinefinancialgroup.com'" 
<sgoddard@bylinefinancialgroup.com>, "'sara@jbbinvestments.com'" 
<sara@jbbinvestments.com>, "'larry@pcfunding.com'" <larry@pcfunding.com>, 
"'dana@fairfieldcapital.net'" <dana@fairfieldcapital.net>, 
"'jsandgarten@comsourceny.com'" <jsandgarten@comsourceny.com>, 
"'jack@jbbinvestments.com'" <jack@jbbinvestments.com>, "'laura@pcfunding.com'" 
<laura@pcfunding.com>, "'neilr@keycreditcorp.com'" <neilr@keycreditcorp.com>, 
"'Marquiseequipmentleasing@gmail.com'" <Marquiseequipmentleasing@gmail.com>, 
"'mark@elease.com'" <mark@elease.com>, "'chuck@cmsfunding.com'" 
<chuck@cmsfunding.com>, "'nzobler@catalyst-financial.com'" <nzobler@catalyst-
financial.com>, "'shannon@klcfinancial.com'" <shannon@klcfinancial.com>, 
"'spencer@klcfinancial.com'" <spencer@klcfinancial.com>, "'dawn@klcfinancial.com'" 
<dawn@klcfinancial.com>, "'lesley@klcfinancial.com'" <lesley@klcfinancial.com>, 
"'marc@klcfinancial.com'" <marc@klcfinancial.com>, "'adam@klcfinancial.com'" 
<adam@klcfinancial.com>, "'allen@klcfinancial.com'" <allen@klcfinancial.com>, 
"'patrick@klcfinancial.com'" <patrick@klcfinancial.com>, "'hollie@klcfinancial.com'" 
<hollie@klcfinancial.com>, "'jared@klcfinancial.com'" <jared@klcfinancial.com>, 
"'mollymeloy@rivervalleycapital.com'" <mollymeloy@rivervalleycapital.com>, 
"'bbaron@allstateleasing.com'" <bbaron@allstateleasing.com>, 
"'nathan.gibbons@faef.com'" <nathan.gibbons@faef.com>, "'thull@yesco.com'" 
<thull@yesco.com>, "'dlink@hitachicapitalamerica.com'" 
<dlink@hitachicapitalamerica.com>, "'jfahl@hitachicapitalamerica.com'" 
<jfahl@hitachicapitalamerica.com>, "'ross@ettingroup.com'" <ross@ettingroup.com>, 
"'tyler@jbbinvestments.com'" <tyler@jbbinvestments.com>, 
"'brad@jbbinvestments.com'" <brad@jbbinvestments.com>, "'bnave@arvest.com'" 
<bnave@arvest.com>, "'eperetz@barnettcapital.com'" <eperetz@barnettcapital.com>, 
"'jcutler@dicapcredit.com'" <jcutler@dicapcredit.com>, "'Rick@northstarleasing.com'" 
<Rick@northstarleasing.com>, "'courtney.dioguardi@faef.com'" 
<courtney.dioguardi@faef.com>, "'tammy.negelein@matrixbusinesscapital.com'" 
<tammy.negelein@matrixbusinesscapital.com>, "'Brylee.Horning@scfmail.com'" 
<Brylee.Horning@scfmail.com>, "'bbreslin@dicapcredit.com'" 
<bbreslin@dicapcredit.com>, "'abcleasingma@gmail.com'" 
<abcleasingma@gmail.com>, "'Ahoegler@ltileasing.com'" <Ahoegler@ltileasing.com>, 
"'rsmyth@arundelcapital.com'" <rsmyth@arundelcapital.com>, "'jb@northaef.com'" 
<jb@northaef.com>, "'ns@ldlci.com'" <ns@ldlci.com>, "'dt@ldlci.com'" 
<dt@ldlci.com>, "'jduffy@cnb-ok.com'" <jduffy@cnb-ok.com>, "'chris@energy-
capital.ca'" <chris@energy-capital.ca>, "'mmayfield@ff-inc.com'" <mmayfield@ff-
inc.com>, "'Kim@wheatenfinancial.com'" <Kim@wheatenfinancial.com>, 
"'mlilly@crsbs.com'" <mlilly@crsbs.com>, "'bennett.orr@bancleaseacceptance.com'" 
<bennett.orr@bancleaseacceptance.com>, "'gerry@theloanresource.biz'" 
<gerry@theloanresource.biz>, "'info@virsacapital.com'" <info@virsacapital.com>, 
"'msmith@westbayfinancialcorp.com'" <msmith@westbayfinancialcorp.com>, 
"'mfrench@crestcapital.com'" <mfrench@crestcapital.com>, 
"'g.nappi@ddileasing.com'" <g.nappi@ddileasing.com>, "'mikem@ddileasing.com'" 
<mikem@ddileasing.com>, "'terrym@ddileasing.com'" <terrym@ddileasing.com>, 
"'t.moran@ddileasing.com'" <t.moran@ddileasing.com>, "'bsmith@dicapcredit.com'" 
<bsmith@dicapcredit.com>, "'bsullivan@dicapcredit.com'" 
<bsullivan@dicapcredit.com>, "'kbattaglia@madisoncapital.com'" 
<kbattaglia@madisoncapital.com>, "'mcaplan@madisoncapital.com'" 
<mcaplan@madisoncapital.com>, "'alevine@madisoncapital.com'" 
<alevine@madisoncapital.com>, "'llogan@madisoncapital.com'" 
<llogan@madisoncapital.com>, "'tmyers@madisoncapital.com'" 
<tmyers@madisoncapital.com>, "'dblody@madisoncapital.com'" 
<dblody@madisoncapital.com>, "'dgoose@mfrscapital.com'" 
<dgoose@mfrscapital.com>, "'brian.acosta@matrixbusinesscapital.com'" 
<brian.acosta@matrixbusinesscapital.com>, 
"'Rodney.Rambo@matrixbusinesscapital.com'" 
<Rodney.Rambo@matrixbusinesscapital.com>, "'jim@2lease.com'" <jim@2lease.com>, 
"'jjenco@monarchcapitalcorp.com'" <jjenco@monarchcapitalcorp.com>, 
"'davekordell@rivervalleycapital.com'" <davekordell@rivervalleycapital.com>, 
"'dmalley@sbfgusa.com'" <dmalley@sbfgusa.com>, 
"'scott@scottpowersconsulting.com'" <scott@scottpowersconsulting.com>, 
"'tom@capitalma.com'" <tom@capitalma.com>, "'bob@specialty-funding.com'" 
<bob@specialty-funding.com>, "'bkissler@stradacapital.com'" 
<bkissler@stradacapital.com>, "'mark@sourcefnc.com'" <mark@sourcefnc.com>, 
"'nora@ilslease.com'" <nora@ilslease.com>, "'ecabildo@imcacapital.com'" 
<ecabildo@imcacapital.com>, "'jennifer@voyagetechnologies.com'" 
<jennifer@voyagetechnologies.com>, "'ebunnell@arvest.com'" 
<ebunnell@arvest.com>, "'ladean@arvest.com'" <ladean@arvest.com>, 
"'andrea@odellequipmentappraisals.com'" <andrea@odellequipmentappraisals.com>, 
"'mwieden@barnettcapital.com'" <mwieden@barnettcapital.com>, 
"'MArida@beaconfunding.com'" <MArida@beaconfunding.com>, 
"'pam@fullcirclellc.us'" <pam@fullcirclellc.us>, "'dkukuk@crlease.com'" 
<dkukuk@crlease.com>, "'giovanni.hernandez@matrixbusinesscapital.com'" 
<giovanni.hernandez@matrixbusinesscapital.com>, "'Jstowe@wbl.com'" 
<Jstowe@wbl.com>, "'cjj@montanacommercial.net'" <cjj@montanacommercial.net>, 
"'jwatkins1@arvest.com'" <jwatkins1@arvest.com>, "'dmercurio@dicapcredit.com'" 
<dmercurio@dicapcredit.com>, "'mkramer@dicapcredit.com'" 
<mkramer@dicapcredit.com>, "'bayless@dynamicfundinginc.com'" 
<bayless@dynamicfundinginc.com>, "'tarbell@dynamicfundinginc.com'" 
<tarbell@dynamicfundinginc.com>, "'stahlberg@dynamicsolutions.com'" 
<stahlberg@dynamicsolutions.com>, "'jharvey@efsolutionsinc.com'" 
<jharvey@efsolutionsinc.com>, "'brett@envisioncapitalgroup.com'" 
<brett@envisioncapitalgroup.com>, "'vivian@envisioncapitalgroup.com'" 
<vivian@envisioncapitalgroup.com>, "'jeffae@envisioncapitalgroup.com'" 
<jeffae@envisioncapitalgroup.com>, "'scottk@envisioncapitalgroup.com'" 
<scottk@envisioncapitalgroup.com>, "'thanhnp@envisioncapitalgroup.com'" 
<thanhnp@envisioncapitalgroup.com>, "'mattjl@envisioncapitalgroup.com'" 
<mattjl@envisioncapitalgroup.com>, "'rgrimshaw@unifiedge.com'" 
<rgrimshaw@unifiedge.com>, "'conzelmann@unifiedge.com'" 
<conzelmann@unifiedge.com>, "'dan@northstarleasing.com'" 
<dan@northstarleasing.com>, "'mark@northstarleasing.com'" 
<mark@northstarleasing.com>, "'kyle@northstarleasing.com'" 
<kyle@northstarleasing.com>, "'jerry@northlandcapital.com'" 
<jerry@northlandcapital.com>, "'gabe@northlandcapital.com'" 
<gabe@northlandcapital.com>, "'willis@northlandcapital.com'" 
<willis@northlandcapital.com>, "'sadams@northlandcapital.com'" 
<sadams@northlandcapital.com>, "'csell@northlandcapital.com'" 
<csell@northlandcapital.com>, "'paul@northlandcapital.com'" 
<paul@northlandcapital.com>, "'beth@northlandcapital.com'" 
<beth@northlandcapital.com>, "'vince@northlandcapital.com'" 
<vince@northlandcapital.com>, "'eanderson@northlandcapital.com'" 
<eanderson@northlandcapital.com>, "'ahalladay@oakmontfinance.com'" 
<ahalladay@oakmontfinance.com>, "'djackson@oakmontfinance.com'" 
<djackson@oakmontfinance.com>, "'mfisher@stradacapital.com'" 
<mfisher@stradacapital.com>, "'scottf@scfmail.com'" <scottf@scfmail.com>, 
"'krisd@scfmail.com'" <krisd@scfmail.com>, "'mail@faef.com'" <mail@faef.com>, 
"'adam.fay@faef.com'" <adam.fay@faef.com>, "'mzoba@oakmontfinance.com'" 
<mzoba@oakmontfinance.com>, "'mlarkin@oakmontfinance.com'" 
<mlarkin@oakmontfinance.com>, "'jleonard@oakmontfinance.com'" 
<jleonard@oakmontfinance.com>, "'kip@odellequipmentappraisals.com'" 
<kip@odellequipmentappraisals.com>, "'alisonj@pacifica-capital.com'" 
<alisonj@pacifica-capital.com>, "'carriep@pacifica-capital.com'" <carriep@pacifica-
capital.com>, "'jerryr@pacifica-capital.com'" <jerryr@pacifica-capital.com>, 
"'amys@pacifica-capital.com'" <amys@pacifica-capital.com>, "'larryt@pacifica-
capital.com'" <larryt@pacifica-capital.com>, "'lisaw@pacifica-capital.com'" 
<lisaw@pacifica-capital.com>, "'bettek@pacifica-capital.com'" <bettek@pacifica-
capital.com>, "'kelly@padcofinancial.com'" <kelly@padcofinancial.com>, 
"'jay@triquestcapital.com'" <jay@triquestcapital.com>, "'eric@triquestcapital.com'" 
<eric@triquestcapital.com>, "'jburns@vendlease.net'" <jburns@vendlease.net>, 
"'jnocar@vendlease.net'" <jnocar@vendlease.net>, "'mpaszkiewicz@vendlease.net'" 
<mpaszkiewicz@vendlease.net>, "'tsukeena@vendlease.net'" 
<tsukeena@vendlease.net>, "'rwasson@vendlease.net'" <rwasson@vendlease.net>, 
"'jsterenberg@vendlease.net'" <jsterenberg@vendlease.net>, "'glentz@vendlease.net'" 
<glentz@vendlease.net>, "'mseegopaul@vendlease.net'" 
<mseegopaul@vendlease.net>, "'dsigai@vendlease.net'" <dsigai@vendlease.net>, 
"'rsigai@vendlease.net'" <rsigai@vendlease.net>, "'mpaszkiewicz@vendlease.net'" 
<mpaszkiewicz@vendlease.net>, "'neilr@keycreditcorp.com'" 
<neilr@keycreditcorp.com>, "'kerry.smith@leaseq.com'" <kerry.smith@leaseq.com>, 
"'sgeller@leasingsolutionsllc.com'" <sgeller@leasingsolutionsllc.com>, 
"'joe.flowers@logicalease.com'" <joe.flowers@logicalease.com>, 
"'rcouch@m2lease.com'" <rcouch@m2lease.com>, "'srule@m2lease.com'" 
<srule@m2lease.com>, "'jengelbrecht@m2lease.com'" <jengelbrecht@m2lease.com>, 
"'npistorio@madisoncapital.com'" <npistorio@madisoncapital.com>, 
"'jena@klcfinancial.com'" <jena@klcfinancial.com>, "'tim@sunsetfg.com'" 
<tim@sunsetfg.com>, "'jbradford@arvest.com'" <jbradford@arvest.com>, 
"'brient@jbbinvestments.com'" <brient@jbbinvestments.com>, 
"'rob@smarterfinanceusa.com'" <rob@smarterfinanceusa.com>, 
"'dsavino@barnettcapital.com'" <dsavino@barnettcapital.com>, 
"'mriggs@fundingwell.com'" <mriggs@fundingwell.com>, "'jamesk@oshe.biz'" 
<jamesk@oshe.biz>, "'MBoardman@crlease.com'" <MBoardman@crlease.com>, 
"'andreko@oakcapitalfunding.com'" <andreko@oakcapitalfunding.com>, 
"'celenia@calloakcap.com'" <celenia@calloakcap.com>, "'apaulson@tritoncptl.com'" 
<apaulson@tritoncptl.com>, "'klantagne@fundingwell.com'" 
<klantagne@fundingwell.com>, "'jimmccann@rivervalleycapital.com'" 
<jimmccann@rivervalleycapital.com>, "'cody.thompson@matrixbusinesscapital.com'" 
<cody.thompson@matrixbusinesscapital.com>, "'icharik@constellationfs.com'" 
<icharik@constellationfs.com>, "'nbrewer@allegiant-partners.com'" 
<nbrewer@allegiant-partners.com>, "'cenbom@allegiant-partners.com'" 
<cenbom@allegiant-partners.com>, "'pfoster@allegiant-partners.com'" 
<pfoster@allegiant-partners.com>, "'clerma@allegiant-partners.com'" 
<clerma@allegiant-partners.com>, "'cmarshall@allegiant-partners.com'" 
<cmarshall@allegiant-partners.com>, "'senbom@allegiant-partners.com'" 
<senbom@allegiant-partners.com>, "'aallaire@amerisource.us.com'" 
<aallaire@amerisource.us.com>, "'kcollins@amerisourcefunding.com'" 
<kcollins@amerisourcefunding.com>, "'icook@amerisourcefunding.com'" 
<icook@amerisourcefunding.com>, "'gdyson@amerisource.us.com'" 
<gdyson@amerisource.us.com>, "'mdavis@amerisourcefunding.com'" 
<mdavis@amerisourcefunding.com>, "'danburgos@ascentiumcapital.com'" 
<danburgos@ascentiumcapital.com>, "'tdepping@ascentiumcapital.com'" 
<tdepping@ascentiumcapital.com>, "'richardbaccaro@ascentiumcapital.com'" 
<richardbaccaro@ascentiumcapital.com>, "'christinekimball@ascentiumcapital.com'" 
<christinekimball@ascentiumcapital.com>, "'bobfisher@ascentiumcapital.com'" 
<bobfisher@ascentiumcapital.com>, "'lbaccaro@ascentiumcapital.com'" 
<lbaccaro@ascentiumcapital.com>, "'steveschachtel@ascentiumcapital.com'" 
<steveschachtel@ascentiumcapital.com>, "'jaimie.haver@pactrustbank.com'" 
<jaimie.haver@pactrustbank.com>, "'sean.hooten@pactrustbank.com'" 
<sean.hooten@pactrustbank.com>, "'Mark.McKissick@bancofcal.com'" 
<Mark.McKissick@bancofcal.com>, "'Chris.Maudlin@pactrustbank.com'" 
<Chris.Maudlin@pactrustbank.com>, "'chelsea.wood@bancofcal.com'" 
<chelsea.wood@bancofcal.com>, "'david.normandin@bancofcal.com'" 
<david.normandin@bancofcal.com>, "'achang@bankofthewest.com'" 
<achang@bankofthewest.com>, "'pgreen@bankofthewest.com'" 
<pgreen@bankofthewest.com>, "'raquel@allegiant-partners.com'" <raquel@allegiant-
partners.com>, "'christian@firstleaseonline.com'" <christian@firstleaseonline.com>, 
"'mbennie@firstleaseonline.com'" <mbennie@firstleaseonline.com>, 
"'dreynolds@ffresources.com'" <dreynolds@ffresources.com>, 
"'breynolds@ffresources.com'" <breynolds@ffresources.com>, 
"'jkrug@ffresources.com'" <jkrug@ffresources.com>, 
"'juan.ortiz@paramountmerchantfunding.com'" 
<juan.ortiz@paramountmerchantfunding.com>, "'aalper@frandzel.com'" 
<aalper@frandzel.com>, "'Rgarwacki@prodigy.net'" <Rgarwacki@prodigy.net>, 
"'jpadden@padcofinancial.com'" <jpadden@padcofinancial.com>, 
"'wayne@pawneeleasing.com'" <wayne@pawneeleasing.com>, 
"'jennifer@pawneeleasing.com'" <jennifer@pawneeleasing.com>, 
"'Gary@PawneeLeasing.com'" <Gary@PawneeLeasing.com>, 
"'barry@pawneeleasing.com'" <barry@pawneeleasing.com>, 
"'Stacy@PawneeLeasing.com'" <Stacy@PawneeLeasing.com>, 
"'paul@pawneeleasing.com'" <paul@pawneeleasing.com>, 
"'tyson@pawneeleasing.com'" <tyson@pawneeleasing.com>, 
"'peretore@peretore.com'" <peretore@peretore.com>, "'peretore@peretore.com'" 
<peretore@peretore.com>, "'Scott.Chait@peretore.com'" 
<Scott.Chait@peretore.com>, "'jenyart@pfsc.com'" <jenyart@pfsc.com>, 
"'clysne@pfsc.com'" <clysne@pfsc.com>, "'gmackenzie@rapidadvance.com'" 
<gmackenzie@rapidadvance.com>, "'Archie.Julian@exchangebank.com'" 
<Archie.Julian@exchangebank.com>, "'dlafferty@marlinleasing.com'" 
<dlafferty@marlinleasing.com>, "'cleas@wbl.com'" <cleas@wbl.com>, 
"'linda@visioncommerce.com'" <linda@visioncommerce.com>, 
"'meagan@dedictedcri.com'" <meagan@dedictedcri.com>, 
"'kevin.schroeder@odessatech.com'" <kevin.schroeder@odessatech.com>, 
"'SteveTidland@umpquabank.com'" <SteveTidland@umpquabank.com>, 
"'ms@livepad.com'" <ms@livepad.com>, "'bkcaporlette@eoriginal.com'" 
<bkcaporlette@eoriginal.com>, "'tsitzler@rapidadvance.com'" 
<tsitzler@rapidadvance.com>, "'ksweeney@spiwakandiezza.com'" 
<ksweeney@spiwakandiezza.com>, "'kmoss@spiwakandiezza.com'" 
<kmoss@spiwakandiezza.com>, "'niezza@spiwakandiezza.com'" 
<niezza@spiwakandiezza.com>, "'chuckdiehl@umpquabank.com'" 
<chuckdiehl@umpquabank.com>, "'bjohnson@commercenatbank.com'" 
<bjohnson@commercenatbank.com>, "'lspiwak@spiwakandiezza.com'" 
<lspiwak@spiwakandiezza.com>, "'bripes@paynetonline.com'" 
<bripes@paynetonline.com>, "'mcolton@wbl.com'" <mcolton@wbl.com>, 
"'eric.gross@bankofthewest.com'" <eric.gross@bankofthewest.com>, 
"'doug.hatch@bankofthewest.com'" <doug.hatch@bankofthewest.com>, 
"'jnewell@bankofthewest.com'" <jnewell@bankofthewest.com>, 
"'K.nordendahl@bankofthewest.com'" <K.nordendahl@bankofthewest.com>, 
"'Michael.Przekop@bankofthewest.com'" <Michael.Przekop@bankofthewest.com>, 
"'nicholas.ross@bankofthewest.com'" <nicholas.ross@bankofthewest.com>, 
"'mzito@bankofthewest.com'" <mzito@bankofthewest.com>, "'threekoch@live.com'" 
<threekoch@live.com>, "'nick.gibbens@bankofthewest.com'" 
<nick.gibbens@bankofthewest.com>, "'ehowe@baystone.net'" 
<ehowe@baystone.net>, "'ssnyder@ksstatebank.com'" <ssnyder@ksstatebank.com>, 
"'ltiers@ksstatebank.com'" <ltiers@ksstatebank.com>, 
"'coleson@betterprograms.com'" <coleson@betterprograms.com>, 
"'mgoldberg@glassgoldberg.com'" <mgoldberg@glassgoldberg.com>, 
"'pgoldberg@glassgoldberg.com'" <pgoldberg@glassgoldberg.com>, 
"'tara@leaseteam.com'" <tara@leaseteam.com>, "'tallen@gaig.com'" 
<tallen@gaig.com>, "'bandres@gaig.com'" <bandres@gaig.com>, 
"'mbewley@gaig.com'" <mbewley@gaig.com>, "'abowman@gaig.com'" 
<abowman@gaig.com>, "'tgaray@gaig.com'" <tgaray@gaig.com>, "'jbuyco@gaig.com'" 
<jbuyco@gaig.com>, "'jclarke@gaig.com'" <jclarke@gaig.com>, "'jdicosola@gaig.com'" 
<jdicosola@gaig.com>, "'btinman@gaig.com'" <btinman@gaig.com>, 
"'vpiazza@gaig.com'" <vpiazza@gaig.com>, "'dpowers@gaig.com'" 
<dpowers@gaig.com>, "'kschneider@gaig.com'" <kschneider@gaig.com>, 
"'evaughn@gaig.com'" <evaughn@gaig.com>, "'vvillegas@gaig.com'" 
<vvillegas@gaig.com>, "'csanguinetti@gaig.com'" <csanguinetti@gaig.com>, 
"'bwolcott@gaig.com'" <bwolcott@gaig.com>, "'jdjohnson@gaic.com'" 
<jdjohnson@gaic.com>, "'gtarr@gaig.com'" <gtarr@gaig.com>, "'jvivar@gaig.com'" 
<jvivar@gaig.com>, "'mmnoyes@gaig.com'" <mmnoyes@gaig.com>, 
"'kmcgrath@gaig.com'" <kmcgrath@gaig.com>, "'cmurcha@bluebridgefinancial.com'" 
<cmurcha@bluebridgefinancial.com>, "'msliwowski@bluebridgefinancial.com'" 
<msliwowski@bluebridgefinancial.com>, "'rsnow@bluebridgefinancial.com'" 
<rsnow@bluebridgefinancial.com>, "'clockert@bluebridgefinancial.com'" 
<clockert@bluebridgefinancial.com>, "'daniel@enablecapitalcorp.com'" 
<daniel@enablecapitalcorp.com>, "'ramon@bluechipleasing.com'" 
<ramon@bluechipleasing.com>, "'debbie@bfec.com'" <debbie@bfec.com>, 
"'lovern_augustine@yahoo.com'" <lovern_augustine@yahoo.com>, "'shall@bmtc.com'" 
<shall@bmtc.com>, "'twestburg@bmtc.com'" <twestburg@bmtc.com>, 
"'jsanchez@bmtc.com'" <jsanchez@bmtc.com>, "'meblin@gaig.com'" 
<meblin@gaig.com>, "'mrenfro@gaig.com'" <mrenfro@gaig.com>, "'akapil@gaig.com'" 
<akapil@gaig.com>, "'nnielsen@greatamerica.com'" <nnielsen@greatamerica.com>, 
"'dolson@greatamerica.com'" <dolson@greatamerica.com>, 
"'jhouse@greatamerica.com'" <jhouse@greatamerica.com>, 
"'dpohlman@greatamerica.com'" <dpohlman@greatamerica.com>, 
"'jterfler@greatamerica.com'" <jterfler@greatamerica.com>, 
"'bbjella@greatamerica.com'" <bbjella@greatamerica.com>, 
"'cfleck@greatamerica.com'" <cfleck@greatamerica.com>, 
"'kchambers@greatamerica.com'" <kchambers@greatamerica.com>, 
"'jandries@greatamerica.com'" <jandries@greatamerica.com>, 
"'knoyes@greatamerica.com'" <knoyes@greatamerica.com>, "'dheald@hemar-
rousso.com'" <dheald@hemar-rousso.com>, "'sjenkins@hemar-rousso.com'" 
<sjenkins@hemar-rousso.com>, "'iwittlin@hemar-rousso.com'" <iwittlin@hemar-
rousso.com>, "'mschrews@ioucentral.com'" <mschrews@ioucentral.com>, 
"'dale@cobrallc.com'" <dale@cobrallc.com>, "'lonestinghel@amerisource.us.com'" 
<lonestinghel@amerisource.us.com>, "'patf@leaseteam.com'" <patf@leaseteam.com>, 
"'jfinken@ncmic.com'" <jfinken@ncmic.com>, "'mmiller@ncmic.com'" 
<mmiller@ncmic.com>, "'jjacobs@eoriginal.com'" <jjacobs@eoriginal.com>, 
"'Doug@LearnLeasing.com'" <Doug@LearnLeasing.com>, 
"'SteveReid@umpquabank.com'" <SteveReid@umpquabank.com>, "'dave@p-
fund.com'" <dave@p-fund.com>, "'jrogers@channelpartnersllc.com'" 
<jrogers@channelpartnersllc.com>, "'slipka@conestogabank.com'" 
<slipka@conestogabank.com>, "'djenkins@ioucentral.com'" 
<djenkins@ioucentral.com>, "'sdervenis@bluebridgefinancial.com'" 
<sdervenis@bluebridgefinancial.com>, "'mfornash@gaig.com'" <mfornash@gaig.com>, 
"'Janae.Simmons@exchangebank.com'" <Janae.Simmons@exchangebank.com>, 
"'info@nefassociation.org'" <info@nefassociation.org>, 
"'disenberg@greatamerica.com'" <disenberg@greatamerica.com>, 
"'disenberg@greatamerica.com'" <disenberg@greatamerica.com>, 
"'dcosenza@northmillef.com'" <dcosenza@northmillef.com>, 
"'Lwollney@ecsfinancial.com'" <Lwollney@ecsfinancial.com>, 
"'twilson@ecsfinancial.com'" <twilson@ecsfinancial.com>, 
"'carrie@teamfundingsolutions.com'" <carrie@teamfundingsolutions.com>, 
"'elyse@teamfundingsolutions.com'" <elyse@teamfundingsolutions.com>, 
"'kristi@teamfundingsolutions.com'" <kristi@teamfundingsolutions.com>, 
"'christina@teamfundingsolutions.com'" <christina@teamfundingsolutions.com>, 
"'melissa@teamfundingsolutions.com'" <melissa@teamfundingsolutions.com>, Paul 
Fogle <pfogle@Qualityleasingco.com>, "'matt@pawneeleasing.com'" 
<matt@pawneeleasing.com>, "'bill@leaselawyer.com'" <bill@leaselawyer.com>, 
"'sblake@firstleaseonline.com'" <sblake@firstleaseonline.com>, 
"'donald@firstleaseonline.com'" <donald@firstleaseonline.com>, 
"'joes@stearnsbank.com'" <joes@stearnsbank.com>, "'mikem@stearnsbank.com'" 
<mikem@stearnsbank.com>, "'Brian@pawneeleasing.com'" 
<Brian@pawneeleasing.com>, "'dgruber@gaig.com'" <dgruber@gaig.com>, 
"'bgold@quickbridgefunding.com'" <bgold@quickbridgefunding.com>, 
"'rean@merchantcashgroup.com'" <rean@merchantcashgroup.com>, 
"'rsansone@arscollects.com'" <rsansone@arscollects.com>, 
"'kmcgurk@marlinfinance.com'" <kmcgurk@marlinfinance.com>, 
"'kstehman@snapadvances.com'" <kstehman@snapadvances.com>, 
"'ronjohn.dadd@fundingcircle.com'" <ronjohn.dadd@fundingcircle.com>, 
"'derek.nutley@fundingcircle.com'" <derek.nutley@fundingcircle.com>, 
"'dylan@omnicapital.us'" <dylan@omnicapital.us>, "'dave@businesscreditreports.com'" 
<dave@businesscreditreports.com>, "'kylej@visioncommerce.com'" 
<kylej@visioncommerce.com>, "'cdavis@ioucentral.com'" <cdavis@ioucentral.com>, 
"'johndillingham@navitaslease.com'" <johndillingham@navitaslease.com>, 
"'mark.myers@tabbank.com'" <mark.myers@tabbank.com>, 
"'grant.finch@tabbank.com'" <grant.finch@tabbank.com>, 
"'rachel.bogdan@forafinancial.com'" <rachel.bogdan@forafinancial.com>, 
"'dfedergreen@csrps.com'" <dfedergreen@csrps.com>, 
"'mtw@wrightlawgrouptexas.com'" <mtw@wrightlawgrouptexas.com>, 
"'esimmons@marlinfinance.com'" <esimmons@marlinfinance.com>, 
"'daniel.gonzalez@odessatech.com'" <daniel.gonzalez@odessatech.com>, 
"'cewer@cashmerevalleybank.com'" <cewer@cashmerevalleybank.com>, 
"'jill@channelpartnersllc.com'" <jill@channelpartnersllc.com>, 
"'adam@channelpartnersllc.com'" <adam@channelpartnersllc.com>, 
"'abbie@channelpartnersllc.com'" <abbie@channelpartnersllc.com>, 
"'brad@channelpartnersllc.com'" <brad@channelpartnersllc.com>, 
"'austun@channelpartnersllc.com'" <austun@channelpartnersllc.com>, 
"'cory@channelpartnersllc.com'" <cory@channelpartnersllc.com>, 
"'kasey@channelpartnersllc.com'" <kasey@channelpartnersllc.com>, 
"'tony@channelpartnersllc.com'" <tony@channelpartnersllc.com>, 
"'matt@channelpartnersllc.com'" <matt@channelpartnersllc.com>, 
"'kevin@channelpartnersllc.com'" <kevin@channelpartnersllc.com>, 
"'jdussi@cohnanddussi.com'" <jdussi@cohnanddussi.com>, 
"'lcohn@cohnanddussi.com'" <lcohn@cohnanddussi.com>, 
"'abilodeau@cdandblaw.com'" <abilodeau@cdandblaw.com>, "'jjennings@csina.com'" 
<jjennings@csina.com>, "'bjennings@csina.com'" <bjennings@csina.com>, 
"'phanson@csina.com'" <phanson@csina.com>, "'kpower@csina.com'" 
<kpower@csina.com>, "'psmith@lakelandbank.com'" <psmith@lakelandbank.com>, 
"'ringram@lakelandbank.com'" <ringram@lakelandbank.com>, 
"'alamm@lammrubenstone.com'" <alamm@lammrubenstone.com>, 
"'aunterlack@lammrubenstone.com'" <aunterlack@lammrubenstone.com>, 
"'mmullane@lammrubenstone.com'" <mmullane@lammrubenstone.com>, 
"'drichards@lammrubenstone.com'" <drichards@lammrubenstone.com>, 
"'lrowland@lammrubenstone.com'" <lrowland@lammrubenstone.com>, 
"'allamm@flammlaw.com'" <allamm@flammlaw.com>, "'dbs@leasecollect.org'" 
<dbs@leasecollect.org>, "'rkohl@leasecollect.org'" <rkohl@leasecollect.org>, 
"'info@leasecollect.org'" <info@leasecollect.org>, 
"'david.maslyk@bankofthewest.com'" <david.maslyk@bankofthewest.com>, 
"'aweber@northmillef.com'" <aweber@northmillef.com>, "'chadp@stearnsbank.com'" 
<chadp@stearnsbank.com>, "'komara@conestogabank.com'" 
<komara@conestogabank.com>, "'shickam@oneworldbusinessfinance.com'" 
<shickam@oneworldbusinessfinance.com>, "'mklees@greatamerica.com'" 
<mklees@greatamerica.com>, "'devon.falvey@fundingcircle.com'" 
<devon.falvey@fundingcircle.com>, Tom Meeks <TMeeks@QualityLeasingCo.com>, 
"'jennifer@firststarcapital.com'" <jennifer@firststarcapital.com>, 
"'mdebacker@bluebridgefinancial.com'" <mdebacker@bluebridgefinancial.com>, 
"'tlockhart@marlinfinance.com'" <tlockhart@marlinfinance.com>, 
"'apaoline@marlincorp.com'" <apaoline@marlincorp.com>, 
"'mmcclanahan@edadata.com'" <mmcclanahan@edadata.com>, 
"'lisa.rafter@odessatech.com'" <lisa.rafter@odessatech.com>, 
"'jim.humphrey@odessatech.com'" <jim.humphrey@odessatech.com>, 
"'ltrail@ultimatefin.com'" <ltrail@ultimatefin.com>, "'ebaker@ffresources.com'" 
<ebaker@ffresources.com>, "'Daniel.Krajewski@bancofcal.com'" 
<Daniel.Krajewski@bancofcal.com>, "'DMaher@forafinancial.com'" 
<DMaher@forafinancial.com>, "'bcourt@messerlikramer.com'" 
<bcourt@messerlikramer.com>, "'jlawver@messerlikramer.com'" 
<jlawver@messerlikramer.com>, "'jhasko@messerlikramer.com'" 
<jhasko@messerlikramer.com>, "'chris@channelpartnersllc.com'" 
<chris@channelpartnersllc.com>, "'kmarkman@lakelandbank.com'" 
<kmarkman@lakelandbank.com>, "'craig.hubbard@logicboxsoftware.com'" 
<craig.hubbard@logicboxsoftware.com>, "'EFeldman@forafinancial.com'" 
<EFeldman@forafinancial.com>, "'eric@ioucentral.com'" <eric@ioucentral.com>, 
"'dcleveland@paynetonline.com'" <dcleveland@paynetonline.com>, 
"'Josh@omnicapital.us'" <Josh@omnicapital.us>, "'mary@omnicapital.us'" 
<mary@omnicapital.us>, "'tpeterson@csrps.com'" <tpeterson@csrps.com>, 
"'bill@harvardpartnersllc.com'" <bill@harvardpartnersllc.com>, 
"'stephen@bravocapitalllc.com'" <stephen@bravocapitalllc.com>, 
"'andrew@merchantcashgroup.com'" <andrew@merchantcashgroup.com>, 
"'marklacek@ymail.com'" <marklacek@ymail.com>, "'matt@leaselawyer.com'" 
<matt@leaselawyer.com>, "'quade@yesleasing.com'" <quade@yesleasing.com>, 
"'dspiller@wbl.com'" <dspiller@wbl.com>, "'siddharth@cloudlendinginc.com'" 
<siddharth@cloudlendinginc.com>, "'josh@mediatavern.com'" 
<josh@mediatavern.com>, "'tennessee@yesleasing.com'" 
<tennessee@yesleasing.com>, "'yesman@yesleasing.com'" <yesman@yesleasing.com>, 
"'michellef@stearnsbank.com'" <michellef@stearnsbank.com>, 
"'mikkih@stearnsbank.com'" <mikkih@stearnsbank.com>, 
"'mark.cotton@solution7incorporated.com'" 
<mark.cotton@solution7incorporated.com>, "'elizabeth@leaseteam.com'" 
<elizabeth@leaseteam.com>, "'pmarcoe@orionfirst.com'" <pmarcoe@orionfirst.com>, 
"'tmarquis@dedicatedcri.com'" <tmarquis@dedicatedcri.com>, 
"'Angela.Jacobs@odessatech.com'" <Angela.Jacobs@odessatech.com>, 
"'calley.wiener@fundingcircle.com'" <calley.wiener@fundingcircle.com>, 
"'cyndee@harvardpartnersllc.com'" <cyndee@harvardpartnersllc.com>, 
"'dnelson@tamarackconsulting.com'" <dnelson@tamarackconsulting.com>, 
"'martin.klotzman@ivorycc.com'" <martin.klotzman@ivorycc.com>, 
"'htoland@mitrani.com'" <htoland@mitrani.com>, 
"'MSchlosser@mintakafinancial.com'" <MSchlosser@mintakafinancial.com>, 
"'kpatterson@firstutahbank.com'" <kpatterson@firstutahbank.com>, 
"'dthomas@eaglebusinesscredit.com'" <dthomas@eaglebusinesscredit.com>, 
"'tome@stearnsbank.com'" <tome@stearnsbank.com>, 
"'tbrainerd@nationalfunding.com'" <tbrainerd@nationalfunding.com>, 
"'epoll@gaig.com'" <epoll@gaig.com>, "'John.hurt@odessatech.com'" 
<John.hurt@odessatech.com>, Donna Stanley <DStanley@QualityLeasingCo.com>, 
"'ranthony@nationalfunding.com'" <ranthony@nationalfunding.com>, 
"'moconnor@csina.com'" <moconnor@csina.com>, "'jpucci@conestogabank.com'" 
<jpucci@conestogabank.com>, "'manderson@constellationfs.com'" 
<manderson@constellationfs.com>, "'mcumby@constellationfs.com'" 
<mcumby@constellationfs.com>, "'cloh@constellationfs.com'" 
<cloh@constellationfs.com>, "'dtaylor@constellationfs.com'" 
<dtaylor@constellationfs.com>, "'brian@dakotafin.com'" <brian@dakotafin.com>, 
"'cpark@dakotafin.com'" <cpark@dakotafin.com>, "'marge@dakotafin.com'" 
<marge@dakotafin.com>, "'jason@dakotafin.com'" <jason@dakotafin.com>, 
"'charla@dakotafin.com'" <charla@dakotafin.com>, "'mgreen@dakotafin.com'" 
<mgreen@dakotafin.com>, "'jryan@douglasguardian.com'" 
<jryan@douglasguardian.com>, "'dmccarthy@douglasguardian.com'" 
<dmccarthy@douglasguardian.com>, "'tpace@douglasguardian.com'" 
<tpace@douglasguardian.com>, "'blurie@douglasguardian.com'" 
<blurie@douglasguardian.com>, "'barry@leaselawyer.com'" <barry@leaselawyer.com>, 
"'preid@marksweinberg.com'" <preid@marksweinberg.com>, "'mae@maximcc.com'" 
<mae@maximcc.com>, "'doug@maximcc.com'" <doug@maximcc.com>, 
"'michael@maximcc.com'" <michael@maximcc.com>, "'javier@maximcc.com'" 
<javier@maximcc.com>, "'shervin@maximcc.com'" <shervin@maximcc.com>, 
"'mhamroff@moritthock.com'" <mhamroff@moritthock.com>, 
"'RTils@moritthock.com'" <RTils@moritthock.com>, "'rcohen@moritthock.com'" 
<rcohen@moritthock.com>, "'matt.kennedy@mrkleasing.com'" 
<matt.kennedy@mrkleasing.com>, "'jrosenlund@pfsc.com'" <jrosenlund@pfsc.com>, 
"'gfroomer@quiktrak.com'" <gfroomer@quiktrak.com>, "'kim@quiktrak.com'" 
<kim@quiktrak.com>, "'kriggs@quiktrak.com'" <kriggs@quiktrak.com>, 
"'dgalloway@rlcfunding.com'" <dgalloway@rlcfunding.com>, 
"'cmcgehee@rlcfunding.com'" <cmcgehee@rlcfunding.com>, 
"'boakley@rlcfunding.com'" <boakley@rlcfunding.com>, "'mikesmith@rtrservices.com'" 
<mikesmith@rtrservices.com>, "'brodypack@rtrservices.com'" 
<brodypack@rtrservices.com>, "'kevinwicker@rtrservices.com'" 
<kevinwicker@rtrservices.com>, "'lynnewicker@rtrservices.com'" 
<lynnewicker@rtrservices.com>, "'tgray@smithdebnamlaw.com'" 
<tgray@smithdebnamlaw.com>, "'bsaintsing@smithdebnamlaw.com'" 
<bsaintsing@smithdebnamlaw.com>, "'jimp@stearnsbank.com'" 
<jimp@stearnsbank.com>, "'derrickm@stearnsbank.com'" 
<derrickm@stearnsbank.com>, "'DarynL@stearnsbank.com'" 
<DarynL@stearnsbank.com>, "'katherine.majewski@odessatech.com'" 
<katherine.majewski@odessatech.com>, "'dsaxe@quiktrak.com'" 
<dsaxe@quiktrak.com>, "'charles@dakotafin.com'" <charles@dakotafin.com>, 
"'NewBiz@yesleasing.com'" <NewBiz@yesleasing.com>, 
"'gkelble@spiwakandiezza.com'" <gkelble@spiwakandiezza.com>, 
"'pcalifano@cwclaw.com'" <pcalifano@cwclaw.com>, "'josh@cherokeeandwalker.com'" 
<josh@cherokeeandwalker.com>, "'Shane@cherokeeandwalker.com'" 
<Shane@cherokeeandwalker.com>, "'Paul@cherokeeandwalker.com'" 
<Paul@cherokeeandwalker.com>, "'keelie.fitzgerald@odessatech.com'" 
<keelie.fitzgerald@odessatech.com>, "'sue.schroeder@experian.com'" 
<sue.schroeder@experian.com>, "'bkropschot@thealtagroup.com'" 
<bkropschot@thealtagroup.com>, "'jcollins@orionfirst.com'" <jcollins@orionfirst.com>, 
"'rfedergreen@csrps.com'" <rfedergreen@csrps.com>, "'ebrown@forafinancial.com'" 
<ebrown@forafinancial.com>, "'sdaumit@rapidadvance.com'" 
<sdaumit@rapidadvance.com>, "'Jeremy.J.McCulloch@wellsfargo.com'" 
<Jeremy.J.McCulloch@wellsfargo.com>, "'sdubner@higdub.com'" 
<sdubner@higdub.com>, "'mike@fundingcircle.com'" <mike@fundingcircle.com>, 
"'laura@fundingcircle.com'" <laura@fundingcircle.com>, 
"'chuckbrazier@traderiverusa.com'" <chuckbrazier@traderiverusa.com>, 
"'ChipCurington@edadata.com'" <ChipCurington@edadata.com>, Warren Anderson 
<WAnderson@QualityLeasingCo.com>, "'khaffey@ioucentral.com'" 
<khaffey@ioucentral.com>, "'jfigueroa@northmillef.com'" 
<jfigueroa@northmillef.com>, "'nick.rockwell@fundingcircle.com'" 
<nick.rockwell@fundingcircle.com>, "'dwargula@dresslerpeters.com'" 
<dwargula@dresslerpeters.com>, "'kpeters@dresslerpeters.com'" 
<kpeters@dresslerpeters.com>, "'ngeary@ecsfinancial.com'" 
<ngeary@ecsfinancial.com>, "'jdahl@ecsfinancial.com'" <jdahl@ecsfinancial.com>, 
"'SLipski@ECSFinancial.com'" <SLipski@ECSFinancial.com>, "'soliva@ecsfinancial.com'" 
<soliva@ecsfinancial.com>, "'Louimette@ecsfinancial.com'" 
<Louimette@ecsfinancial.com>, "'adalgaard@ecsfinancial.com'" 
<adalgaard@ecsfinancial.com>, "'smurphy@ecsfinancial.com'" 
<smurphy@ecsfinancial.com>, "'ladams@fernslaw.com'" <ladams@fernslaw.com>, 
"'bferns@fernslaw.com'" <bferns@fernslaw.com>, "'aferns@fernslaw.com'" 
<aferns@fernslaw.com>, "'al.velotta@mrkleasing.com'" <al.velotta@mrkleasing.com>, 
"'michelle.rowe@mrkleasing.com'" <michelle.rowe@mrkleasing.com>, 
"'llogan@ncmic.com'" <llogan@ncmic.com>, "'gsilverhardt@eqfsdirect.com'" 
<gsilverhardt@eqfsdirect.com>, "'mzwick@eqfsdirect.com'" <mzwick@eqfsdirect.com>, 
"'rross@4ssg.com'" <rross@4ssg.com>, "'jheist@4sfg.com'" <jheist@4sfg.com>, 
"'czwilling@4sfg.com'" <czwilling@4sfg.com>, "'Gary.harding@tabbank.com'" 
<Gary.harding@tabbank.com>, "'justin.gordon@tabbank.com'" 
<justin.gordon@tabbank.com>, "'bill.griffith@tabbank.com'" 
<bill.griffith@tabbank.com>, "'bill@teamfundingsolutions.com'" 
<bill@teamfundingsolutions.com>, "'ted@teamfundingsolutions.com'" 
<ted@teamfundingsolutions.com>, "'lynn@teamfundingsolutions.com'" 
<lynn@teamfundingsolutions.com>, "'Michaela@TEAMFundingSolutions.com'" 
<Michaela@TEAMFundingSolutions.com>, "'jamie@teamfundingsolutions.com'" 
<jamie@teamfundingsolutions.com>, "'lance@teamfundingsolutions.com'" 
<lance@teamfundingsolutions.com>, "'Corey@TEAMFundingSolutions.com'" 
<Corey@TEAMFundingSolutions.com>, "'hswandel@thealtagroup.com'" 
<hswandel@thealtagroup.com>, "'jbillings@thealtagroup.com'" 
<jbillings@thealtagroup.com>, "'ddressler@dresslerpeters.com'" 
<ddressler@dresslerpeters.com>, "'dwiener@thealtagroup.com'" 
<dwiener@thealtagroup.com>, "'jdeane@thealtagroup.com'" 
<jdeane@thealtagroup.com>, "'jim@channelpartnersllc.com'" 
<jim@channelpartnersllc.com>, "'kgraves@finpac.com'" <kgraves@finpac.com>, 
"'tereyj@finpac.com'" <tereyj@finpac.com>, "'snettles@finpac.com'" 
<snettles@finpac.com>, "'pauniece@finpac.com'" <pauniece@finpac.com>, 
"'ctrainor@finpac.com'" <ctrainor@finpac.com>, "'cvaughn@finpac.com'" 
<cvaughn@finpac.com>, "'fvitale@finpac.com'" <fvitale@finpac.com>, 
"'lwax@finpac.com'" <lwax@finpac.com>, "'marya@finpac.com'" 
<marya@finpac.com>, "'pmenzel@finpac.com'" <pmenzel@finpac.com>, 
"'mmosley@finpac.com'" <mmosley@finpac.com>, "'bblack@finpac.com'" 
<bblack@finpac.com>, "'rwaun@finpac.com'" <rwaun@finpac.com>, 
"'lcarini@finpac.com'" <lcarini@finpac.com>, "'jbart@finpac.com'" <jbart@finpac.com>, 
"'brad@allegiant-partners.com'" <brad@allegiant-partners.com>, 
"'nick@firststarcapital.com'" <nick@firststarcapital.com>, "'mike@firststarcapital.com'" 
<mike@firststarcapital.com>, "'kim@firststarcapital.com'" <kim@firststarcapital.com>, 
"'tjarvela@greatamerica.com'" <tjarvela@greatamerica.com>, 
"'tcawthorn@occfactor.com'" <tcawthorn@occfactor.com>, 
"'ZMarsh@mintakafinancial.com'" <ZMarsh@mintakafinancial.com>, 
"'shuffman@orionfirst.com'" <shuffman@orionfirst.com>, 
"'dtschaefer@orionfirst.com'" <dtschaefer@orionfirst.com>, "'bdixon@orionfirst.com'" 
<bdixon@orionfirst.com>, "'gsmith@orionfirst.com'" <gsmith@orionfirst.com>, 
"'ldalesky@orionfirst.com'" <ldalesky@orionfirst.com>, "'kgreen@orionfirst.com'" 
<kgreen@orionfirst.com>, "'bschaefer@orionfirst.com'" <bschaefer@orionfirst.com>, 
"'mattp@padcofinancial.com'" <mattp@padcofinancial.com>, "'mslagle@vfi.net'" 
<mslagle@vfi.net>, "'rhanna@weltman.com'" <rhanna@weltman.com>, 
"'mdougherty@weltman.com'" <mdougherty@weltman.com>, 
"'gpeters@weltman.com'" <gpeters@weltman.com>, "'pwinzig@weltman.com'" 
<pwinzig@weltman.com>, "'blawrence@weltman.com'" <blawrence@weltman.com>, 
"'scott@wheelerbusinessconsulting.com'" <scott@wheelerbusinessconsulting.com>, 
"'steven@leasepath.com'" <steven@leasepath.com>, "'peter@leasepath.com'" 
<peter@leasepath.com>, "'marci@leaseteam.com'" <marci@leaseteam.com>, 
"'russ@leaseteam.com'" <russ@leaseteam.com>, "'randy@leaseteam.com'" 
<randy@leaseteam.com>, "'bryan@leaseteam.com'" <bryan@leaseteam.com>, 
"'dan@leaseteam.com'" <dan@leaseteam.com>, "'roxana@leaseteam.com'" 
<roxana@leaseteam.com>, "'jeff@leaseteam.com'" <jeff@leaseteam.com>, 
"'van@leaseteam.com'" <van@leaseteam.com>, "'randya@leaseteam.com'" 
<randya@leaseteam.com>, "'swoodring@leasecorp.com'" 
<swoodring@leasecorp.com>, "'jesse@leaseteam.com'" <jesse@leaseteam.com>, 
"'jan@leaseteam.com'" <jan@leaseteam.com>, "'tessa@leaseteam.com'" 
<tessa@leaseteam.com>, "'danp@leaseteam.com'" <danp@leaseteam.com>, 
"'mattl@visioncommerce.com'" <mattl@visioncommerce.com>, 
"'sshepherd@eoriginal.com'" <sshepherd@eoriginal.com>, "'shane@dedicatedcri.com'" 
<shane@dedicatedcri.com>, "'Shawn@Dedicatedcri.com'" <Shawn@Dedicatedcri.com>, 
"'jcyr@amerisource.us.com'" <jcyr@amerisource.us.com>, 
"'kdolan@tamarackconsulting.com'" <kdolan@tamarackconsulting.com>, 
"'Greg@TEAMFundingSolutions.com'" <Greg@TEAMFundingSolutions.com>, 
"'jschubert@rapidadvance.com'" <jschubert@rapidadvance.com>, 
"'doug@channelpartnersllc.com'" <doug@channelpartnersllc.com>, 
"'kamila@bluechipleasing.com'" <kamila@bluechipleasing.com>, 
"'kirsten@leaseteam.com'" <kirsten@leaseteam.com>, "'patrick@omnicapital.us'" 
<patrick@omnicapital.us>, "'Mark@omnicapital.us'" <Mark@omnicapital.us>, 
"'slowery@oneworldbusinessfinance.com'" <slowery@oneworldbusinessfinance.com>, 
"'james@cloudlendinginc.com'" <james@cloudlendinginc.com>, 
"'mukul@cloudlendinginc.com'" <mukul@cloudlendinginc.com>, 
"'ezucchi@marlinfinance.com'" <ezucchi@marlinfinance.com>, 
"'ddibruno@marlincorp.com'" <ddibruno@marlincorp.com>, 
"'katie.davis@fundingcircle.com'" <katie.davis@fundingcircle.com>, 
"'monicabruegl@ascentiumcapital.com'" <monicabruegl@ascentiumcapital.com>, 
"'tammyh@stearnsbank.com'" <tammyh@stearnsbank.com>, 
"'trevor.morris@tabbank.com'" <trevor.morris@tabbank.com>, 
"'bryan@channelpartnersllc.com'" <bryan@channelpartnersllc.com>, 
"'iguerrieri@constellationfs.com'" <iguerrieri@constellationfs.com>, 
"'nbackus@deltamanagement.us'" <nbackus@deltamanagement.us>, 
"'steve@visioncommerce.com'" <steve@visioncommerce.com>, 
"'matt.ross@macquarie.com'" <matt.ross@macquarie.com>, 
"'nroberto@quickbridgefunding.com'" <nroberto@quickbridgefunding.com>, 
"'wgraham@quiktrak.com'" <wgraham@quiktrak.com>, "'eric@leaseteam.com'" 
<eric@leaseteam.com>, "'Leslie.Sherman@bancofcal.com'" 
<Leslie.Sherman@bancofcal.com>, "'jshaw@quickbridgefunding.com'" 
<jshaw@quickbridgefunding.com>, "'nhuysman@gaig.com'" <nhuysman@gaig.com>, 
"'btimmons@quickbridgefunding.com'" <btimmons@quickbridgefunding.com>, 
"'lrenshaw@gaic.com'" <lrenshaw@gaic.com>, "'Marcelle@bluechipleasing.com'" 
<Marcelle@bluechipleasing.com>, "'kyle@channelpartnersllc.com'" 
<kyle@channelpartnersllc.com> 
Subject: NEFA in New Orleans
QUALITY LEASING
          Since 1957
 
Come see us at booth 19 3/2/16 – 3/4/16 in New Orleans
 
We are now nationwide and specialize in heavy trucks and 
trailers. 
 
We also do cars, light duty trucks and equipment. Hopefully we 
can
 
Build a relationship and help you sell more product. 
 
Looking forward to seeing you there. Besides myself, Paul Fogle, 
and 
Donna Stanley from our Nashville office will be there.
 
 
 
Warren D Anderson
Quality Leasing Company Inc
Senior Leasing Consultant
7173 E. 87th Street
Indianapolis, IN 46256
Direct   317-805-1336
Cell       317-796-9836
EFAX    317-688-6422
wanderson@qualityleasingco.com 
 
